{
    "5": {
        "0": {
            "precision": 0.8733229307179882,
            "recall": 0.8789918344851484,
            "f1-score": 0.8761482128820179,
            "support": 5356184
        },
        "1": {
            "precision": 0.6212245441810804,
            "recall": 0.6088535607894754,
            "f1-score": 0.6149768445533356,
            "support": 1745919
        },
        "accuracy": 0.8125833995930501,
        "macro avg": {
            "precision": 0.7472737374495343,
            "recall": 0.7439226976373119,
            "f1-score": 0.7455625287176768,
            "support": 7102103
        },
        "weighted avg": {
            "precision": 0.8113492641963773,
            "recall": 0.8125833995930501,
            "f1-score": 0.8119441237240537,
            "support": 7102103
        }
    },
    "10": {
        "0": {
            "precision": 0.9012813821719615,
            "recall": 0.9054513869352389,
            "f1-score": 0.903361572292478,
            "support": 5687360
        },
        "1": {
            "precision": 0.6127047187864846,
            "recall": 0.601308506209255,
            "f1-score": 0.6069531231048255,
            "support": 1414743
        },
        "accuracy": 0.8448659502685332,
        "macro avg": {
            "precision": 0.756993050479223,
            "recall": 0.7533799465722469,
            "f1-score": 0.7551573476986517,
            "support": 7102103
        },
        "weighted avg": {
            "precision": 0.8437967449471903,
            "recall": 0.8448659502685332,
            "f1-score": 0.8443168388340803,
            "support": 7102103
        }
    },
    "15": {
        "0": {
            "precision": 0.9161169426533099,
            "recall": 0.9187764053523522,
            "f1-score": 0.9174447467131999,
            "support": 5918071
        },
        "1": {
            "precision": 0.5880480129442295,
            "recall": 0.5795155874165563,
            "f1-score": 0.5837506231698374,
            "support": 1184032
        },
        "accuracy": 0.8622163041003489,
        "macro avg": {
            "precision": 0.7520824777987697,
            "recall": 0.7491459963844542,
            "f1-score": 0.7505976849415186,
            "support": 7102103
        },
        "weighted avg": {
            "precision": 0.8614227047661233,
            "recall": 0.8622163041003489,
            "f1-score": 0.8618127007562073,
            "support": 7102103
        }
    },
    "20": {
        "0": {
            "precision": 0.9244221758791779,
            "recall": 0.9258723618106958,
            "f1-score": 0.9251467005464327,
            "support": 6088930
        },
        "1": {
            "precision": 0.5502704706258638,
            "recall": 0.5450826265603209,
            "f1-score": 0.5476642631820603,
            "support": 1013173
        },
        "accuracy": 0.871549595943624,
        "macro avg": {
            "precision": 0.7373463232525208,
            "recall": 0.7354774941855083,
            "f1-score": 0.7364054818642465,
            "support": 7102103
        },
        "weighted avg": {
            "precision": 0.8710463792078799,
            "recall": 0.871549595943624,
            "f1-score": 0.8712957477354452,
            "support": 7102103
        }
    },
    "25": {
        "0": {
            "precision": 0.9341573356509402,
            "recall": 0.9356435675396919,
            "f1-score": 0.9348998609214043,
            "support": 6220668
        },
        "1": {
            "precision": 0.5406511247931817,
            "recall": 0.5345805419571494,
            "f1-score": 0.5375986966142662,
            "support": 881435
        },
        "accuracy": 0.8858680309198557,
        "macro avg": {
            "precision": 0.7374042302220609,
            "recall": 0.7351120547484207,
            "f1-score": 0.7362492787678352,
            "support": 7102103
        },
        "weighted avg": {
            "precision": 0.8853196678548793,
            "recall": 0.8858680309198557,
            "f1-score": 0.8855912051949155,
            "support": 7102103
        }
    },
    "30": {
        "0": {
            "precision": 0.9411173351626486,
            "recall": 0.9419559947183294,
            "f1-score": 0.9415364781846576,
            "support": 6326786
        },
        "1": {
            "precision": 0.5228764199101184,
            "recall": 0.5190741335479552,
            "f1-score": 0.520968339076606,
            "support": 775317
        },
        "accuracy": 0.8957911480585399,
        "macro avg": {
            "precision": 0.7319968775363834,
            "recall": 0.7305150641331423,
            "f1-score": 0.7312524086306318,
            "support": 7102103
        },
        "weighted avg": {
            "precision": 0.8954591277710006,
            "recall": 0.8957911480585399,
            "f1-score": 0.8956242141821731,
            "support": 7102103
        }
    }
}