{
    "0.0": {
        "0": {
            "precision": 0.8337914160183154,
            "recall": 0.9992705393362128,
            "f1-score": 0.909061688334896,
            "support": 5918071
        },
        "1": {
            "precision": 0.5454354006528377,
            "recall": 0.004374881759952434,
            "f1-score": 0.008680140993641545,
            "support": 1184032
        },
        "accuracy": 0.83340582359901,
        "macro avg": {
            "precision": 0.6896134083355765,
            "recall": 0.5018227105480826,
            "f1-score": 0.45887091466426877,
            "support": 7102103
        },
        "weighted avg": {
            "precision": 0.7857179440361128,
            "recall": 0.83340582359901,
            "f1-score": 0.7589539576723641,
            "support": 7102103
        }
    },
    "0.1": {
        "0": {
            "precision": 0.8337817048626012,
            "recall": 0.9993251179311637,
            "f1-score": 0.9090785001506784,
            "support": 5918071
        },
        "1": {
            "precision": 0.5575495735017171,
            "recall": 0.004250729710007837,
            "f1-score": 0.00843713512910929,
            "support": 1184032
        },
        "accuracy": 0.8334306049912258,
        "macro avg": {
            "precision": 0.6956656391821592,
            "recall": 0.5017879238205858,
            "f1-score": 0.4587578176398938,
            "support": 7102103
        },
        "weighted avg": {
            "precision": 0.7877294745641261,
            "recall": 0.8334306049912258,
            "f1-score": 0.7589274538043753,
            "support": 7102103
        }
    },
    "0.2": {
        "0": {
            "precision": 0.8337850934118408,
            "recall": 0.9993181899980584,
            "f1-score": 0.9090776476552388,
            "support": 5918071
        },
        "1": {
            "precision": 0.556836902800659,
            "recall": 0.00428197886543607,
            "f1-score": 0.008498604938075008,
            "support": 1184032
        },
        "accuracy": 0.8334300417777664,
        "macro avg": {
            "precision": 0.69531099810625,
            "recall": 0.5018000844317473,
            "f1-score": 0.4587881262966569,
            "support": 7102103
        },
        "weighted avg": {
            "precision": 0.7876134848015828,
            "recall": 0.8334300417777664,
            "f1-score": 0.7589369914148986,
            "support": 7102103
        }
    },
    "0.3": {
        "0": {
            "precision": 0.8337890229303532,
            "recall": 0.999310924116997,
            "f1-score": 0.9090769768066735,
            "support": 5918071
        },
        "1": {
            "precision": 0.5562568008705114,
            "recall": 0.0043174508797059535,
            "f1-score": 0.008568397163310766,
            "support": 1184032
        },
        "accuracy": 0.8334299009744015,
        "macro avg": {
            "precision": 0.6950229119004323,
            "recall": 0.5018141874983515,
            "f1-score": 0.4588226869849922,
            "support": 7102103
        },
        "weighted avg": {
            "precision": 0.7875200471143227,
            "recall": 0.8334299009744015,
            "f1-score": 0.7589480678662808,
            "support": 7102103
        }
    },
    "0.4": {
        "0": {
            "precision": 0.8337920355423366,
            "recall": 0.9993038272099135,
            "f1-score": 0.9090758308336359,
            "support": 5918071
        },
        "1": {
            "precision": 0.5553636952298726,
            "recall": 0.004346166319829194,
            "f1-score": 0.008624836377836885,
            "support": 1184032
        },
        "accuracy": 0.8334287745474827,
        "macro avg": {
            "precision": 0.6945778653861046,
            "recall": 0.5018249967648714,
            "f1-score": 0.45885033360573635,
            "support": 7102103
        },
        "weighted avg": {
            "precision": 0.787373662753763,
            "recall": 0.8334287745474827,
            "f1-score": 0.7589565222475047,
            "support": 7102103
        }
    },
    "0.5": {
        "0": {
            "precision": 0.8337941558094579,
            "recall": 0.9992945336411138,
            "f1-score": 0.909073245476228,
            "support": 5918071
        },
        "1": {
            "precision": 0.553475935828877,
            "recall": 0.004370658901110781,
            "f1-score": 0.008672830661095945,
            "support": 1184032
        },
        "accuracy": 0.8334251136599962,
        "macro avg": {
            "precision": 0.6936350458191675,
            "recall": 0.5018325962711123,
            "f1-score": 0.458873038068662,
            "support": 7102103
        },
        "weighted avg": {
            "precision": 0.7870607104285549,
            "recall": 0.8334251136599962,
            "f1-score": 0.7589623693097756,
            "support": 7102103
        }
    },
    "0.6": {
        "0": {
            "precision": 0.8337971689367799,
            "recall": 0.9992865918641395,
            "f1-score": 0.9090717500969583,
            "support": 5918071
        },
        "1": {
            "precision": 0.5523748939779474,
            "recall": 0.004400218913002352,
            "f1-score": 0.008730887567618294,
            "support": 1184032
        },
        "accuracy": 0.8334234240196179,
        "macro avg": {
            "precision": 0.6930860314573637,
            "recall": 0.501843405388571,
            "f1-score": 0.4589013188322883,
            "support": 7102103
        },
        "weighted avg": {
            "precision": 0.7868796602687056,
            "recall": 0.8334234240196179,
            "f1-score": 0.7589708022309052,
            "support": 7102103
        }
    },
    "0.7": {
        "0": {
            "precision": 0.8338003231260123,
            "recall": 0.9992788190611434,
            "f1-score": 0.9090704084189427,
            "support": 5918071
        },
        "1": {
            "precision": 0.5513979398780744,
            "recall": 0.004430623496662252,
            "f1-score": 0.008790612175818946,
            "support": 1184032
        },
        "accuracy": 0.8334220159859692,
        "macro avg": {
            "precision": 0.6925991315020433,
            "recall": 0.5018547212789028,
            "f1-score": 0.45893051029738086,
            "support": 7102103
        },
        "weighted avg": {
            "precision": 0.7867194150285345,
            "recall": 0.8334220159859692,
            "f1-score": 0.7589796412609138,
            "support": 7102103
        }
    },
    "0.8": {
        "0": {
            "precision": 0.8338032422658893,
            "recall": 0.9992710462581473,
            "f1-score": 0.9090689269809648,
            "support": 5918071
        },
        "1": {
            "precision": 0.5503439649781113,
            "recall": 0.004459338936785492,
            "f1-score": 0.008846992273961862,
            "support": 1184032
        },
        "accuracy": 0.8334203263455908,
        "macro avg": {
            "precision": 0.6920736036220003,
            "recall": 0.5018651925974664,
            "f1-score": 0.45895795962746333,
            "support": 7102103
        },
        "weighted avg": {
            "precision": 0.7865461333496144,
            "recall": 0.8334203263455908,
            "f1-score": 0.7589878062488377,
            "support": 7102103
        }
    },
    "0.9": {
        "0": {
            "precision": 0.8338079479489444,
            "recall": 0.9992642872990203,
            "f1-score": 0.9090689268322828,
            "support": 5918071
        },