{
    "5": {
        "0": {
            "precision": 0.7604068195537742,
            "recall": 0.9872793765113371,
            "f1-score": 0.8591175834589585,
            "support": 5356184
        },
        "1": {
            "precision": 0.5392148243330065,
            "recall": 0.045667067028882784,
            "f1-score": 0.08420284467499989,
            "support": 1745919
        },
        "accuracy": 0.7558016266449529,
        "macro avg": {
            "precision": 0.6498108219433903,
            "recall": 0.5164732217701099,
            "f1-score": 0.4716602140669792,
            "support": 7102103
        },
        "weighted avg": {
            "precision": 0.7060309104598274,
            "recall": 0.7558016266449529,
            "f1-score": 0.6686193090995258,
            "support": 7102103
        }
    },
    "10": {
        "0": {
            "precision": 0.8019323371180022,
            "recall": 0.9979955550554211,
            "f1-score": 0.8892855223578704,
            "support": 5687360
        },
        "1": {
            "precision": 0.529877520722504,
            "recall": 0.009082214932323397,
            "f1-score": 0.017858334167250408,
            "support": 1414743
        },
        "accuracy": 0.8010034492600291,
        "macro avg": {
            "precision": 0.6659049289202531,
            "recall": 0.5035388849938722,
            "f1-score": 0.4535719282625604,
            "support": 7102103
        },
        "weighted avg": {
            "precision": 0.7477388613106509,
            "recall": 0.8010034492600291,
            "f1-score": 0.7156967255603074,
            "support": 7102103
        }
    },
    "15": {
        "0": {
            "precision": 0.8338107250352105,
            "recall": 0.9992588801317186,
            "f1-score": 0.9090683397858488,
            "support": 5918071
        },
        "1": {
            "precision": 0.5498768472906403,
            "recall": 0.004525215534715278,
            "f1-score": 0.008976558416319308,
            "support": 1184032
        },
        "accuracy": 0.8334211711657801,
        "macro avg": {
            "precision": 0.6918437861629254,
            "recall": 0.501892047833217,
            "f1-score": 0.45902244910108403,
            "support": 7102103
        },
        "weighted avg": {
            "precision": 0.7864744927764473,
            "recall": 0.8334211711657801,
            "f1-score": 0.7590089176571458,
            "support": 7102103
        }
    },
    "20": {
        "0": {
            "precision": 0.8576519952478565,
            "recall": 0.9995848203214687,
            "f1-score": 0.9231950480212493,
            "support": 6088930
        },
        "1": {
            "precision": 0.5416968817984047,
            "recall": 0.002949150836036886,
            "f1-score": 0.005866363531951361,
            "support": 1013173
        },
        "accuracy": 0.857406601960011,
        "macro avg": {
            "precision": 0.6996744385231306,
            "recall": 0.5012669855787528,
            "f1-score": 0.46453070577660033,
            "support": 7102103
        },
        "weighted avg": {
            "precision": 0.8125784177231542,
            "recall": 0.857406601960011,
            "f1-score": 0.7923306188162552,
            "support": 7102103
        }
    },
    "25": {
        "0": {
            "precision": 0.8760946693047437,
            "recall": 0.9997398993162793,
            "f1-score": 0.9338422600092362,
            "support": 6220668
        },
        "1": {
            "precision": 0.5374499714122356,
            "recall": 0.002132885578630302,
            "f1-score": 0.004248909239456546,
            "support": 881435
        },
        "accuracy": 0.8759278765740233,
        "macro avg": {
            "precision": 0.7067723203584897,
            "recall": 0.5009363924474548,
            "f1-score": 0.46904558462434637,
            "support": 7102103
        },
        "weighted avg": {
            "precision": 0.8340658097842772,
            "recall": 0.8759278765740233,
            "f1-score": 0.8184713459101643,
            "support": 7102103
        }
    },
    "30": {
        "0": {
            "precision": 0.8909732339946522,
            "recall": 0.9998266102251602,
            "f1-score": 0.9422665768346241,
            "support": 6326786
        },
        "1": {
            "precision": 0.5333900467886006,
            "recall": 0.0016174029461497683,
            "f1-score": 0.0032250266180426606,
            "support": 775317
        },
        "accuracy": 0.8908548636931906,
        "macro avg": {
            "precision": 0.7121816403916263,
            "recall": 0.500722006585655,
            "f1-score": 0.4727458017263334,
            "support": 7102103
        },
        "weighted avg": {
            "precision": 0.851936863506216,
            "recall": 0.8908548636931906,
            "f1-score": 0.8397540002655052,
            "support": 7102103
        }
    }
}